#,"Country,Other",TotalCases,NewCases,TotalDeaths,NewDeaths,TotalRecovered,NewRecovered,ActiveCases,"Serious,Critical",Tot Cases/1M pop,Deaths/1M pop,TotalTests,Tests/,1M pop,,Population,Continent,1 Caseevery X ppl1 Deathevery X ppl1 Testevery X ppl,New Cases/1M pop,New Deaths/1M pop,Active Cases/1M pop
1,USA,"89,567,321",,"1,043,372 ",,"85,286,101",,"3,237,848","3,454","267,455","3,116","1,052,987,802","3,144,302","334,887,583 ",North America,43210,,,"9,668"
2,India,"43,532,788",,"525,242 ",,"42,891,933",,"115,613",698,"30,937",373,"864,451,219","614,322","1,407,162,089 ",Asia,"322,6792",,,82
3,Brazil,"32,536,302",,"672,101 ",,"30,967,114",,"897,087","8,318","150,922","3,118","63,776,166","295,830","215,583,725 ",South America,73213,,,"4,161"
4,France,"31,452,173",,"149,726 ",,"29,774,092",,"1,528,355",869,"479,728","2,284","271,490,188","4,140,933","65,562,570 ",Europe,24380,,,"23,311"
5,Germany,"28,542,484",,"141,397 ",,"26,886,400",,"1,514,687",934,"338,501","1,677","122,332,384","1,450,809","84,320,113 ",Europe,35961,,,"17,964"
6,UK,"22,741,065",,"180,417 ",,"22,182,650","+13,884","377,998",146,"331,504","2,630","522,526,476","7,617,031","68,599,756 ",Europe,33800,,,"5,510"
7,Italy,"18,805,756",,"168,604 ",,"17,617,973",,"1,019,179",303,"311,953","2,797","227,930,923","3,780,957","60,283,926 ",Europe,33580,,,"16,906"
8,Russia,"18,445,301","+2,676","381,354 ",+48,"17,873,576","+3,612","190,371","2,300","126,286","2,611","273,400,000","1,871,838","146,059,686 ",Europe,83831,18,0.3,"1,303"
9,S. Korea,"18,413,997","+18,133","24,576 ",+2,"18,239,069","+7,182","150,352",54,"358,546",479,"15,804,065","307,727","51,357,484 ",Asia,"32,0903",353,0.04,"2,928"
10,Turkey,"15,180,444",,"99,057 ",,"15,035,727",,"45,660",975,"176,198","1,150","162,743,369","1,888,946","86,155,639 ",Asia,68701,,,530
11,Spain,"12,818,184",,"108,111 ",,"12,243,647",,"466,426",339,"273,945","2,311","471,036,328","10,066,811","46,791,018 ",Europe,44330,,,"9,968"
12,Vietnam,"10,750,313",+989,"43,089 ",+1,"9,724,922","+9,759","982,302",30,"108,489",435,"85,826,548","866,133","99,091,636 ",Asia,"92,3001",10,0.01,"9,913"
13,Japan,"9,418,900","+20,774","31,332 ",+16,"9,195,323","+15,503","192,245",60,"74,931",249,"57,000,656","453,459","125,701,774 ",Asia,"134,0122",165,0.1,"1,529"
14,Argentina,"9,394,326",,"129,109 ",,"9,184,344",,"80,873",410,"204,110","2,805","35,716,069","775,999","46,025,908 ",South America,53561,,,"1,757"
15,Australia,"8,291,345","+36,560","10,085 ",+46,"7,979,050",,"302,210",123,"317,772",387,"74,250,463","2,845,705","26,092,113 ",Australia/Oceania,"32,5870","1,401",2,"11,582"
16,Netherlands,"8,203,996",,"22,383 ",,"8,069,293",,"112,320",48,"476,679","1,301","21,107,399","1,226,408","17,210,748 ",Europe,27691,,,"6,526"
17,Iran,"7,241,648","+1,084","141,408 ",+4,"7,063,652",+173,"36,588",258,"84,064","1,642","52,298,398","607,098","86,144,895 ",Asia,126092,13,0.05,425
18,Colombia,"6,175,181",,"140,070 ",,"5,984,546",,"50,565",342,"118,826","2,695","35,539,516","683,867","51,968,478 ",South America,83711,,,973
19,Indonesia,"6,097,928","+2,577","156,766 ",+8,"5,923,808","+1,691","17,354","2,771","21,832",561,"101,170,840","362,213","279,313,102 ",Asia,"461,7823",9,0.03,62
20,Mexico,"6,093,835","+4,235","325,793 ",+5,"5,243,977","+18,172","524,065","4,798","46,290","2,475","16,656,709","126,528","131,644,248 ",North America,224048,32,0.04,"3,981"
21,Poland,"6,017,601","+1,075","116,437 ",+2,"5,335,693",+6,"565,471",408,"159,349","3,083","36,495,226","966,411","37,763,666 ",Europe,63241,28,0.05,"14,974"
22,Portugal,"5,171,236",,"24,149 ",,"4,816,665","+7,569","330,422",61,"510,124","2,382","43,527,258","4,293,806","10,137,221 ",Europe,24200,,,"32,595"
23,Ukraine,"5,018,019",,"108,656 ",,"4,906,805",+76,"2,558",177,"116,136","2,515","19,521,252","451,796","43,208,134 ",Europe,93982,,,59
24,DPRK,"4,757,620","+2,500",73 ,,"4,752,920","+3,430","4,627",,"182,951",3,,,"26,004,928 ",Asia,"5356,232",96,,178
25,Malaysia,"4,575,809",,"35,784 ",,"4,510,643",,"29,382",44,"137,842","1,078","61,186,343","1,843,181","33,196,066 ",Asia,79281,,,885
26,Thailand,"4,534,017","+1,917","30,739 ",+18,"4,478,846","+2,282","24,432","1,496","64,633",438,"17,270,775","246,196","70,150,504 ",Asia,"152,2824",27,0.3,348
27,Austria,"4,475,146","+9,831","18,805 ",+7,"4,345,393","+8,890","110,948",56,"491,275","2,064","190,970,223","20,964,422","9,109,253 ",Europe,24840,"1,079",0.8,"12,180"
28,Israel,"4,391,284",,"10,984 ",,"4,264,371",,"115,929",310,"470,865","1,178","41,373,364","4,436,346","9,326,000 ",Asia,28490,,,"12,431"
29,Belgium,"4,265,296",,"31,952 ",,"4,130,552","+2,472","102,792",70,"364,849","2,733","34,555,871","2,955,875","11,690,574 ",Europe,33660,,,"8,793"
30,Chile,"4,030,267",,"58,617 ",,"3,681,179",,"290,471",174,"207,269","3,015","40,715,467","2,093,916","19,444,651 ",South America,53320,,,"14,938"
31,South Africa,"3,995,400",,"101,815 ",,"3,884,454",,"9,131",192,"65,708","1,674","25,766,017","423,745","60,805,481 ",Africa,155972,,,150
32,Canada,"3,950,609",,"42,018 ",,"3,562,133",,"346,458",195,"102,868","1,094","62,586,673","1,629,669","38,404,526 ",North America,109141,,,"9,021"
33,Czechia,"3,936,870","+1,297","40,324 ",,"3,889,854",+697,"6,692",13,"366,263","3,752","55,559,357","5,168,918","10,748,741 ",Europe,32670,121,,623
34,Taiwan,"3,929,627","+36,015","7,128 ",+103,"3,065,319","+68,808","857,180",,"164,399",298,"21,319,860","891,931","23,903,044 ",Asia,"63,3531","1,507",4,"35,861"
35,Switzerland,"3,741,859",,"13,984 ",,"3,650,823","+1,649","77,052",49,"426,116","1,592","21,360,334","2,432,478","8,781,306 ",Europe,26280,,,"8,775"
36,Greece,"3,729,199",,"30,327 ",,"3,542,750",,"156,122",102,"361,315","2,938","85,770,643","8,310,146","10,321,196 ",Europe,33400,,,"15,126"
37,Philippines,"3,710,145",+832,"60,610 ",+8,"3,639,503",+813,"10,032",443,"32,979",539,"30,878,577","274,475","112,500,523 ",Asia,"301,8564",7,0.07,89
38,Peru,"3,640,061",,"213,579 ",,"3,389,548",,"36,934",146,"107,404","6,302","31,654,872","934,014","33,891,228 ",South America,91591,,,"1,090"
39,Denmark,"3,019,264",,"6,487 ",,"2,993,046",,"19,731",12,"517,615","1,112","127,704,991","21,893,441","5,833,025 ",Europe,28990,,,"3,383"
40,Romania,"2,927,187",,"65,755 ",,"2,847,123",,"14,309",52,"154,217","3,464","23,542,696","1,240,332","18,980,967 ",Europe,62891,,,754
41,Sweden,"2,519,199",,"19,091 ",,"2,490,785",+146,"9,323",13,"246,369","1,867","18,669,741","1,825,836","10,225,309 ",Europe,45361,,,912
42,Iraq,"2,359,755",,"25,247 ",,"2,312,652",,"21,856",22,"56,146",601,"18,810,531","447,560","42,029,055 ",Asia,"181,6652",,,520
43,Serbia,"2,033,180",,"16,132 ",,"2,005,135",,"11,913",9,"234,590","1,861","9,929,796","1,145,707","8,666,957 ",Europe,45371,,,"1,375"
44,Bangladesh,"1,980,974",,"29,174 ",,"1,908,779",,"43,021","2,504","11,793",174,"14,394,819","85,697","167,973,616 ",Asia,"855,75812",,,256
45,Hungary,"1,928,125",,"46,647 ",,"1,871,930",,"9,548",5,"200,611","4,853","11,394,556","1,185,541","9,611,270 ",Europe,52061,,,993
46,Slovakia,"1,798,131",+667,"20,152 ",+1,"1,772,549",+319,"5,430",5,"329,031","3,688","7,182,254","1,314,244","5,464,934 ",Europe,32711,122,0.2,994
47,Jordan,"1,700,526",,"14,068 ",,"1,685,354",,"1,104",124,"163,420","1,352","16,894,012","1,623,506","10,405,883 ",Asia,67401,,,106
48,Georgia,"1,660,429",,"16,841 ",,"1,637,293",,"6,295",,"417,839","4,238","16,920,079","4,257,861","3,973,845 ",Asia,22360,,,"1,584"
49,Ireland,"1,600,614",,"7,467 ",,"1,558,545",+135,"34,602",32,"317,067","1,479","12,420,810","2,460,447","5,048,192 ",Europe,36760,,,"6,854"
50,Pakistan,"1,539,275",+653,"30,403 ",,"1,500,046",,"8,826",162,"6,708",132,"29,064,686","126,656","229,477,443 ",Asia,"1497,5488",3,,38
51,Singapore,"1,473,180",,"1,419 ",,"1,379,113",,"92,648",11,"247,908",239,"24,098,157","4,055,265","5,942,437 ",Asia,"44,1880",,,"15,591"
52,Norway,"1,448,679",,"3,337 ",,"1,436,319",,"9,023",20,"263,105",606,"11,002,430","1,998,229","5,506,090 ",Europe,"41,6501",,,"1,639"
53,New Zealand,"1,374,535","+9,802","1,534 ",+22,"1,320,973","+8,333","52,028",,"274,792",307,"7,300,050","1,459,397","5,002,100 ",Australia/Oceania,"43,2611","1,960",4,"10,401"
54,Kazakhstan,"1,307,330",+158,"13,663 ",,"1,292,535",+57,"1,132",24,"67,997",711,"11,575,012","602,041","19,226,275 ",Asia,"151,4072",8,,59
55,Hong Kong,"1,254,011",,"9,405 ",,"1,202,690",,"41,916",2,"164,596","1,234","50,415,048","6,617,255","7,618,725 ",Asia,68100,,,"5,502"
56,Morocco,"1,226,246",,"16,120 ",,"1,185,916",,"24,210",293,"32,452",427,"11,978,668","317,011","37,786,283 ",Africa,"312,3443",,,641
57,Bulgaria,"1,174,216",,"37,260 ",,"1,085,407",,"51,549",31,"171,573","5,444","10,120,506","1,478,782","6,843,813 ",Europe,61841,,,"7,532"
58,Croatia,"1,151,523",,"16,082 ",,"1,129,943",,"5,498",7,"284,003","3,966","4,949,517","1,220,710","4,054,621 ",Europe,42521,,,"1,356"
59,Finland,"1,145,610",,"4,875 ",,"1,109,698","+9,362","31,037",21,"206,121",877,"11,073,562","1,992,384","5,557,945 ",Europe,"51,1401",,,"5,584"
60,Lebanon,"1,116,798",,"10,469 ",,"1,087,587",,"18,742",186,"165,102","1,548","4,795,578","708,955","6,764,293 ",Asia,66461,,,"2,771"
61,Cuba,"1,106,167",,"8,529 ",,"1,097,412",,226,23,"97,780",754,"13,852,049","1,224,460","11,312,782 ",North America,"101,3261",,,20
62,Lithuania,"1,069,206",+528,"9,176 ",,"1,038,300",,"21,730",6,"404,033","3,467","10,013,417","3,783,881","2,646,335 ",Europe,22880,200,,"8,211"
63,Tunisia,"1,052,180",,"28,691 ",,N/A,N/A,N/A,29,"87,201","2,378","4,674,032","387,367","12,066,157 ",Africa,114213,,,-270.76
64,Slovenia,"1,043,241","+1,815","6,655 ",,"1,024,593",+152,"11,993",12,"501,676","3,200","2,686,201","1,291,747","2,079,510 ",Europe,23121,873,,"5,767"
65,Belarus,"982,867",,"6,978 ",,N/A,N/A,N/A,,"104,083",739,"13,220,483","1,400,015","9,443,103 ",Europe,"101,3531",,,"5,015"
66,Nepal,"979,908",+73,"11,952 ",,"967,555",+20,401,,"32,463",396,"5,765,719","191,008","30,185,767 ",Asia,"312,5265",2,,13
67,Uruguay,"957,629",,"7,331 ",,"944,959",,"5,339",18,"273,778","2,096","6,114,822","1,748,179","3,497,824 ",South America,44771,,,"1,526"
68,UAE,"954,692","+1,732","2,319 ",,"935,026","+1,769","17,347",,"94,248",229,"171,338,389","16,914,629","10,129,598 ",Asia,"114,3680",171,,"1,713"
69,Bolivia,"931,955","+1,782","21,958 ",,"887,095","+1,140","22,902",220,"77,716","1,831","2,705,422","225,607","11,991,746 ",South America,135464,149,,"1,910"
70,Mongolia,"928,981",,"2,179 ",,N/A,N/A,N/A,192,"274,525",644,"4,030,048","1,190,926","3,383,963 ",Asia,"41,5531",,,"181,310"
71,Panama,"925,254",,"8,373 ",,"903,344",,"13,537",16,"207,888","1,881","6,597,121","1,482,258","4,450,724 ",North America,55321,,,"3,042"
72,Guatemala,"921,146",,"18,616 ",,"859,645",,"42,885",5,"49,580","1,002","4,954,708","266,684","18,578,915 ",North America,209984,,,"2,308"
73,Ecuador,"913,798",,"35,745 ",,"862,168","+1,410","15,885",759,"50,266","1,966","2,470,170","135,878","18,179,315 ",South America,205097,,,874
74,Costa Rica,"904,934",,"8,525 ",,"860,711",,"35,698",52,"174,454","1,643","4,659,757","898,314","5,187,228 ",North America,66081,,,"6,882"
75,Latvia,"837,872",+690,"5,862 ",+2,"826,634",+312,"5,376",10,"454,256","3,178","7,334,084","3,976,210","1,844,491 ",Europe,23150,374,1,"2,915"
76,Saudi Arabia,"797,374",,"9,211 ",,"780,532",,"7,631",159,"22,212",257,"43,490,843","1,211,474","35,899,123 ",Asia,"453,8971",,,213
77,Azerbaijan,"793,388",,"9,717 ",,"783,453",,218,,"76,863",941,"6,972,527","675,495","10,322,104 ",Asia,"131,0621",,,21
78,Sri Lanka,"664,181",,"16,522 ",,"647,041",,618,,"30,759",765,"6,486,117","300,381","21,592,944 ",Asia,"331,3073",,,29
79,Paraguay,"660,841",,"18,994 ",,"624,673",,"17,174",6,"90,428","2,599","2,646,163","362,096","7,307,911 ",South America,113853,,,"2,350"
80,Kuwait,"644,451",,"2,555 ",,"637,295",,"4,601",10,"146,566",581,"8,208,612","1,866,870","4,396,991 ",Asia,"71,7211",,,"1,046"
81,Bahrain,"631,562",,"1,495 ",,"617,320",,"12,747",16,"347,022",821,"10,046,743","5,520,349","1,819,947 ",Asia,"31,2170",,,"7,004"
82,Myanmar,"613,659",,"19,434 ",,"592,590",,"1,635",,"11,129",352,"8,391,136","152,179","55,139,876 ",Asia,"902,8377",,,30
83,Dominican Republic,"611,581",,"4,383 ",,"602,825",,"4,373",26,"55,268",396,"3,508,264","317,041","11,065,657 ",North America,"182,5253",,,395
84,Palestine,"586,058",,"5,358 ",,"578,920",,"1,780",17,"109,774","1,004","3,078,533","576,637","5,338,771 ",Asia,99962,,,333
85,Estonia,"581,457","+1,346","2,591 ",,"522,921",+656,"55,945",6,"437,739","1,951","3,415,922","2,571,611","1,328,320 ",Europe,25130,"1,013",,"42,117"
86,Venezuela,"527,074",,"5,735 ",,"519,053",,"2,286",36,"18,641",203,"3,359,014","118,799","28,274,731 ",South America,"544,9308",,,81
87,Moldova,"520,321",,"11,567 ",,"504,142",,"4,612",49,"129,588","2,881","3,216,305","801,032","4,015,203 ",Europe,83471,,,"1,149"
88,Egypt,"515,645",,"24,613 ",,"442,182",,"48,850",122,"4,856",232,"3,693,367","34,778","106,197,743 ",Africa,"2064,31529",,,460
89,Cyprus,"504,717",,"1,072 ",,"124,370",,"379,275",60,"412,030",875,"9,477,138","7,736,749","1,224,951 ",Asia,"21,1430",,,"309,625"
90,Libya,"502,138",,"6,430 ",,"490,973",,"4,735",101,"71,141",911,"2,477,219","350,964","7,058,323 ",Africa,"141,0983",,,671
91,Ethiopia,"489,502",,"7,542 ",,"464,598",,"17,362",54,"4,057",63,"5,068,517","42,006","120,663,114 ",Africa,"24715,99924",,,144
92,Honduras,"427,718",,"10,906 ",,"132,498",,"284,314",105,"41,851","1,067","1,404,069","137,385","10,219,926 ",North America,249377,,,"27,820"
93,Armenia,"423,417",,"8,629 ",,"412,661",,"2,127",,"142,357","2,901","3,109,931","1,045,591","2,974,327 ",Asia,73451,,,715
94,Réunion,"422,769",,812 ,,"418,572",,"3,385",10,"465,553",894,"1,603,660","1,765,949","908,101 ",Africa,"21,1181",,,"3,728"
95,Oman,"390,244",,"4,260 ",,"384,669",,"1,315",2,"72,718",794,"25,000,000","4,658,473","5,366,565 ",Asia,"141,2600",,,245
96,Qatar,"385,830",+667,679 ,,"380,105",+666,"5,046",1,"137,413",242,"3,665,059","1,305,311","2,807,805 ",Asia,"74,1351",238,,"1,797"
97,Bosnia and Herzegovina,"379,132",+91,"15,808 ",+1,N/A,N/A,N/A,,"117,016","4,879","1,794,808","553,954","3,239,994 ",Europe,92052,28,0.3,"52,811"
98,Kenya,"334,551",,"5,656 ",,"325,438",,"3,457",5,"5,959",101,"3,766,986","67,097","56,141,978 ",Africa,"1689,92615",,,62
99,Zambia,"326,259",,"4,007 ",,"321,153",,"1,099",1,"16,805",206,"3,560,233","183,381","19,414,401 ",Africa,"604,8455",,,57
100,Botswana,"322,769",,"2,750 ",,"315,668",,"4,351",1,"131,922","1,124","2,026,898","828,433","2,446,665 ",Africa,88901,,,"1,778"
101,North Macedonia,"314,501",,"9,327 ",,"304,239",,935,,"150,970","4,477","2,073,990","995,577","2,083,203 ",Europe,72231,,,449
102,Albania,"282,690",,"3,502 ",,"275,252",,"3,936",,"98,446","1,220","1,854,161","645,710","2,871,509 ",Europe,108202,,,"1,371"
103,Algeria,"266,173",,"6,875 ",,"178,592",,"80,706",6,"5,858",151,"230,861","5,081","45,435,999 ",Africa,"1716,609197",,,"1,776"
104,Luxembourg,"263,167",,"1,094 ",,"251,249",,"10,824",,"407,150","1,693","4,307,055","6,663,523","646,363 ",Europe,25910,,,"16,746"
105,Nigeria,"257,637",,"3,144 ",,"250,287",,"4,206",11,"1,191",15,"5,279,608","24,401","216,365,512 ",Africa,"84068,81941",,,19
106,Zimbabwe,"255,726",,"5,558 ",,"249,014",,"1,154",12,"16,718",363,"2,401,524","157,003","15,296,010 ",Africa,"602,7526",,,75
107,Uzbekistan,"241,196",+74,"1,637 ",,"238,292",+62,"1,267",23,"7,003",48,"1,377,915","40,009","34,440,133 ",Asia,"14321,03925",2,,37
108,Montenegro,"241,190",,"2,729 ",,"236,588",,"1,873",6,"383,923","4,344","2,500,367","3,980,050","628,225 ",Europe,32300,,,"2,981"
109,Mozambique,"228,226",,"2,212 ",,"225,626",,388,11,"6,914",67,"1,351,126","40,933","33,008,018 ",Africa,"14514,92224",,,12
110,Laos,"210,324",+11,757 ,,N/A,N/A,N/A,,"28,092",101,"1,233,207","164,716","7,486,887 ",Asia,"369,8906",1,,"26,968"
111,Kyrgyzstan,"201,053",,"2,991 ",,"196,406",,"1,656",131,"29,831",444,"1,907,195","282,981","6,739,650 ",Asia,"342,2534",,,246
112,Martinique,"195,912",,965 ,,104,,"194,843",8,"522,874","2,576","828,928","2,212,345","374,683 ",North America,23880,,,"520,021"
113,Iceland,"195,259",,179 ,,N/A,N/A,N/A,1,"564,861",518,"1,969,022","5,696,149","345,676 ",Europe,"21,9310",,,"345,396"
114,Afghanistan,"182,793",,"7,725 ",,"164,825",,"10,243","1,124","4,493",190,"1,006,903","24,750","40,683,098 ",Asia,"2235,26640",,,252
115,Maldives,"182,720",,306 ,,"163,687",,"18,727",25,"326,519",547,"2,213,831","3,956,095","559,600 ",Asia,"31,8290",,,"33,465"
116,El Salvador,"169,646",,"4,150 ",,"159,993",,"5,503",8,"25,893",633,"2,284,873","348,745","6,551,709 ",North America,"391,5793",,,840
117,Namibia,"169,247",,"4,065 ",,"164,799",,383,,"64,279","1,544","1,061,990","403,337","2,633,011 ",Africa,166482,,,145
118,Guadeloupe,"168,714",,955 ,,"2,250",,"165,509",19,"421,510","2,386","938,039","2,343,568","400,261 ",North America,24190,,,"413,503"
119,Uganda,"167,979",,"3,621 ",,"100,412",,"63,946",14,"3,454",74,"2,775,992","57,081","48,632,084 ",Africa,"29013,43118",,,"1,315"
120,Trinidad and Tobago,"167,495",,"4,013 ",,"157,104",,"6,378",18,"118,912","2,849","774,488","549,845","1,408,558 ",North America,83512,,,"4,528"
121,Ghana,"166,546",,"1,452 ",,"163,611",,"1,483",3,"5,145",45,"2,477,500","76,534","32,371,181 ",Africa,"19422,29413",,,46
122,Brunei ,"164,727",,225 ,,"157,667",,"6,835",1,"369,456",505,"717,784","1,609,872","445,864 ",Asia,"31,9821",,,"15,330"
123,Jamaica,"143,347",,"3,144 ",,"91,207",,"48,996",,"47,990","1,053","1,132,328","379,081","2,987,035 ",North America,219503,,,"16,403"
124,Cambodia,"136,301",+3,"3,056 ",,"133,206",,39,,"7,933",178,"2,994,623","174,287","17,182,117 ",Asia,"1265,6226",0.2,,2
125,Rwanda,"131,270",,"1,460 ",,"45,522",,"84,288",,"9,656",107,"5,574,148","410,020","13,594,831 ",Africa,"1049,3122",,,"6,200"
126,Cameroon,"120,068",,"1,931 ",,"117,791",,346,13,"4,308",69,"1,751,774","62,859","27,868,411 ",Africa,"23214,43216",,,12
127,Malta,"106,068",+661,751 ,+3,"97,140",+251,"8,177",4,"238,948","1,692","1,975,827","4,451,103","443,896 ",Europe,45910,"1,489",7,"18,421"
128,Angola,"99,761",,"1,900 ",,"97,149",,712,,"2,857",54,"1,499,795","42,959","34,912,407 ",Africa,"35018,37523",,,20
129,DRC,"91,393",,"1,375 ",,"50,930",,"39,088",,962,14,"846,704","8,912","95,010,860 ",Africa,"1,04069,099112",,,411
130,French Guiana,"88,362",,401 ,,"11,254",,"76,707",1,"281,249","1,276","644,972","2,052,894","314,177 ",South America,47830,,,"244,152"
131,Malawi,"86,600",,"2,646 ",,"83,202",,752,67,"4,304",132,"593,776","29,513","20,119,320 ",Africa,"2327,60434",,,37
132,Senegal,"86,399",+17,"1,968 ",,"84,387",+11,44,,"4,902",112,"1,117,068","63,372","17,627,044 ",Africa,"2048,95716",1.0,,2
133,Barbados,"84,919",,477 ,,"82,998",,"1,444",,"294,777","1,656","706,982","2,454,125","288,079 ",North America,36040,,,"5,013"
134,Ivory Coast,"83,679",,805 ,,"82,396",,478,,"3,022",29,"1,554,103","56,134","27,685,641 ",Africa,"33134,39218",,,17
135,Channel Islands,"80,990",,179 ,,"78,583",,"2,228",,"457,387","1,011","1,252,808","7,075,173","177,071 ",Europe,29890,,,"12,583"
136,Suriname,"80,864",,"1,369 ",,"49,575",,"29,920",,"135,416","2,293","238,016","398,585","597,153 ",South America,74363,,,"50,104"
137,French Polynesia,"73,386",,649 ,,N/A,N/A,N/A,7,"258,258","2,284",,,"284,158 ",Australia/Oceania,4438,,,"138,082"
138,Eswatini,"73,148",,"1,416 ",,"71,653",,79,11,"61,770","1,196","1,036,852","875,565","1,184,209 ",Africa,168361,,,67
139,Guyana,"67,657",,"1,256 ",,"65,530",,871,,"85,194","1,582","662,065","833,680","794,148 ",South America,126321,,,"1,097"
140,Fiji,"65,889",,866 ,,"63,849",,"1,174",,"72,450",952,"572,354","629,343","909,447 ",Australia/Oceania,"141,0502",,,"1,291"
141,Madagascar,"65,787",,"1,401 ",,"63,540",,846,6,"2,259",48,"471,434","16,192","29,115,811 ",Africa,"44320,78262",,,29
142,New Caledonia,"65,271","+1,050",313 ,,"63,505",+663,"1,453",9,"224,305","1,076","98,964","340,092","290,992 ",Australia/Oceania,49303,"3,608",,"4,993"
143,Belize,"64,371",,680  ,,"62,876",,815,6,"156,211","1,650","576,016","1,397,839","412,076 ",North America,66061,,,"1,978"
144,Sudan,"62,696",,"4,952 ",,N/A,N/A,N/A,,"1,366",108,"562,941","12,265","45,898,419 ",Africa,"7329,26982",,,379
145,Cabo Verde,"61,105",,405 ,,"59,722",,978,23,"107,565",713,"401,416","706,625","568,075 ",Africa,"91,4031",,,"1,722"
146,Mauritania,"60,368",,984 ,,"58,341",,"1,043",,"12,334",201,"872,738","178,318","4,894,269 ",Africa,"814,9746",,,213
147,Bhutan,"59,824",,21 ,,"59,730",,73,,"75,860",27,"2,303,734","2,921,240","788,615 ",Asia,"1337,5530",,,93
148,Syria,"55,934",,"3,150 ",,"52,762",,22,,"3,048",172,"146,269","7,970","18,351,554 ",Asia,"3285,826125",,,1
149,Gabon,"47,939",,305 ,,"47,353",,281,,"20,567",131,"1,602,857","687,671","2,330,849 ",Africa,"497,6421",,,121
150,Seychelles,"44,847",,167 ,,"44,512",,168,,"450,425","1,677",,,"99,566 ",Africa,2596,,,"1,687"
151,Papua New Guinea,"44,728",,662 ,,"43,982",,84,7,"4,817",71,"249,149","26,830","9,286,257 ",Australia/Oceania,"20814,02837",,,9
152,Curaçao,"44,545",,278 ,,"44,122",,145,3,"269,258","1,680","496,693","3,002,327","165,436 ",North America,45950,,,876
153,Andorra,"44,177",,153 ,,"43,448",,576,14,"569,938","1,974","249,838","3,223,217","77,512 ",Europe,25070,,,"7,431"
154,Burundi,"42,731",,38 ,,N/A,N/A,N/A,,"3,391",3,"345,742","27,441","12,599,561 ",Africa,"295331,56736",,,"3,327"
155,Aruba,"41,000",,222 ,,"40,451",,327,1,"380,783","2,062","177,885","1,652,085","107,673 ",North America,34851,,,"3,037"
156,Mauritius,"38,650",,"1,004 ",,"36,805",,841,,"30,290",787,"358,675","281,095","1,275,992 ",Africa,"331,2714",,,659
157,Mayotte,"37,958",,187 ,,"2,964",,"34,807",,"132,725",654,"176,919","618,620","285,990 ",Africa,"81,5292",,,"121,707"
158,Togo,"37,482",,275 ,,"37,058",,149,,"4,325",32,"754,915","87,101","8,667,075 ",Africa,"23131,51711",,,17
159,Guinea,"36,597",,442 ,,"36,113",,42,8,"2,643",32,"660,107","47,676","13,845,749 ",Africa,"37831,32521",,,3
160,Isle of Man,"36,463",,108 ,,"26,794",,"9,561",,"424,314","1,257","150,753","1,754,288","85,934 ",Europe,27961,,,"111,260"
161,Bahamas,"36,101",,820 ,,"34,501",,780,,"90,080","2,046","241,422","602,403","400,765 ",North America,114892,,,"1,946"
162,Tanzania,"35,768",,841 ,,N/A,N/A,N/A,7,566,13,,,"63,139,488 ",Africa,"1,76575,077",,,550
163,Faeroe Islands,"34,658",,28 ,,N/A,N/A,N/A,5,"703,944",569,"778,000","15,802,088","49,234 ",Europe,"11,7580",,,"547,122"
164,Lesotho,"33,938",,699 ,,"24,155",,"9,084",,"15,595",321,"431,221","198,149","2,176,241 ",Africa,"643,1135",,,"4,174"
165,Haiti,"31,677",,837 ,,"29,868",,972,,"2,712",72,"132,422","11,337","11,680,767 ",North America,"36913,95688",,,83
166,Mali,"31,176",,737 ,,"30,338",,101,,"1,456",34,"702,848","32,815","21,418,222 ",Africa,"68729,06130",,,5
167,Cayman Islands,"27,594",,29 ,,"8,553",,"19,012",1,"410,216",431,"222,773","3,311,772","67,267 ",North America,"22,3200",,,"282,635"
168,Benin,"27,216",,163 ,,"25,506",,"1,547",5,"2,133",13,"604,310","47,364","12,758,738 ",Africa,"46978,27421",,,121
169,Saint Lucia,"27,094",,383 ,,"26,559",,152,,"146,211","2,067","209,484","1,130,470","185,307 ",North America,74841,,,820
170,Somalia,"26,803",,"1,350 ",,"13,182",,"12,271",,"1,597",80,"400,466","23,865","16,780,667 ",Africa,"62612,43042",,,731
171,Congo,"24,128",,385 ,,"20,178",,"3,565",,"4,167",66,"347,815","60,072","5,789,932 ",Africa,"24015,03917",,,616
172,Timor-Leste,"22,957",,133 ,,"22,809",,15,,"16,773",97,"269,989","197,258","1,368,708 ",Asia,"6010,2915",,,11
173,Solomon Islands,"21,237",,149 ,,"16,357",,"4,731",1,"29,471",207,"5,117","7,101","720,598 ",Australia/Oceania,"344,836141",,,"6,565"
174,Burkina Faso,"20,853",,382 ,,"20,439",,32,,946,17,"248,995","11,292","22,050,463 ",Africa,"1,05757,72489",,,1
175,Gibraltar,"19,633",,104 ,,"16,579",,"2,950",,"583,083","3,089","534,283","15,867,750","33,671 ",Europe,23240,,,"87,612"
176,Nicaragua,"18,491",,225 ,,"4,225",,"14,041",,"2,726",33,,,"6,782,318 ",North America,"36730,144",,,"2,070"
177,Grenada,"18,376",,232 ,,"17,990",,154,4,"161,808","2,043","171,046","1,506,124","113,567 ",North America,64901,,,"1,356"
178,San Marino,"18,236",,115 ,,"17,602",,519,4,"535,188","3,375","152,231","4,467,659","34,074 ",Europe,22960,,,"15,232"
179,Liechtenstein,"18,032",+39,85 ,,"17,780",+35,167,,"470,232","2,217","102,174","2,664,459","38,347 ",Europe,24510,"1,017",,"4,355"
180,Tajikistan,"17,786",,125 ,,"17,264",,397,,"1,785",13,,,"9,966,416 ",Asia,"56079,731",,,40
181,South Sudan,"17,722",,138 ,,"15,630",,"1,954",1,"1,547",12,"410,280","35,812","11,456,417 ",Africa,"64683,01828",,,171
182,Bermuda,"16,162",,140 ,,"15,793",,229,,"261,445","2,265","950,858","15,381,572","61,818 ",North America,44420,,,"3,704"
183,Equatorial Guinea,"16,114",,183 ,,"15,754",,177,5,"10,777",122,"340,690","227,851","1,495,234 ",Africa,"938,1714",,,118
184,Djibouti,"15,690",,189 ,,"15,427",,74,,"15,431",186,"305,941","300,898","1,016,759 ",Africa,"655,3803",,,73
185,Samoa,"14,995",,29 ,,"1,605",,"13,361",4,"74,582",144,"160,411","797,854","201,053 ",Australia/Oceania,"136,9331",,,"66,455"
186,Dominica,"14,852",,68 ,,"14,554",,230,,"205,297",940,"210,195","2,905,493","72,344 ",North America,"51,0640",,,"3,179"
187,CAR,"14,649",,113 ,,"6,859",,"7,677",2,"2,931",23,"81,294","16,266","4,997,851 ",Africa,"34144,22961",,,"1,536"
188,Monaco,"13,100",,57 ,,"12,801",,242,4,"329,154","1,432","77,770","1,954,069","39,799 ",Europe,36981,,,"6,081"
189,Tonga,"12,301",,12 ,,"12,120",,169,,"113,800",111,"535,009","4,949,525","108,093 ",Australia/Oceania,"99,0080",,,"1,563"
190,Gambia,"12,002",,365 ,,"11,591",,46,,"4,702",143,"155,686","60,992","2,552,551 ",Africa,"2136,99316",,,18
191,Greenland,"11,971",,21 ,,"2,761",,"9,189",4,"210,139",369,"164,926","2,895,115","56,967 ",North America,"52,7130",,,"161,304"
192,Yemen,"11,832",,"2,149 ",,"9,108",,575,23,380,69,"265,253","8,518","31,140,761 ",Asia,"2,63214,491117",,,18
193,Vanuatu,"11,389",,14 ,,"11,198",,177,,"35,423",44,"24,976","77,683","321,510 ",Australia/Oceania,"2822,96513",,,551
194,Saint Martin,"10,668",,63 ,,"1,399",,"9,206",7,"266,793","1,576","112,382","2,810,534","39,986 ",North America,46350,,,"230,231"
195,Sint Maarten,"10,601",,87 ,,"10,495",,19,10,"241,756","1,984","62,056","1,415,188","43,850 ",North America,45041,,,433
196,Caribbean Netherlands,"10,400",,35 ,,"10,273",,92,,"389,353","1,310","30,126","1,127,850","26,711 ",North America,37631,,,"3,444"
197,Eritrea,"9,805",,103 ,,"9,691",,11,,"2,690",28,"23,693","6,501","3,644,670 ",Africa,"37235,385154",,,3
198,Niger,"9,031",,310 ,,"8,628",,93,1,348,12,"254,538","9,805","25,960,317 ",Africa,"2,87583,743102",,,4
199,Antigua and Barbuda,"8,665",,141 ,,"8,486",,38,1,"87,040","1,416","18,901","189,861","99,552 ",North America,117065,,,382
200,Guinea-Bissau,"8,369",,171 ,,"8,124",,74,6,"4,060",83,"144,183","69,954","2,061,098 ",Africa,"24612,05314",,,36
201,Comoros,"8,139",,160 ,,"7,933",,46,,"8,977",176,,,"906,678 ",Africa,"1115,667",,,51
202,Sierra Leone,"7,704",,125 ,,N/A,N/A,N/A,,928,15,"259,958","31,314","8,301,675 ",Africa,"1,07866,41332",,,332
203,Liberia,"7,497",,294 ,,"5,747",,"1,456",2,"1,416",56,"139,824","26,404","5,295,608 ",Africa,"70618,01238",,,275
204,Chad,"7,426",,193 ,,"4,874",,"2,359",,428,11,"191,341","11,016","17,369,204 ",Africa,"2,33989,99691",,,136
205,St. Vincent Grenadines,"7,023",,114 ,,"6,641",,268,,"62,905","1,021","100,269","898,106","111,645 ",North America,169791,,,"2,400"
206,British Virgin Islands,"6,941",,63 ,,N/A,N/A,N/A,1,"226,578","2,057","104,909","3,424,594","30,634 ",North America,44860,,,"2,514"
207,Turks and Caicos,"6,219",,36 ,,"6,131",,52,4,"156,394",905,"521,408","13,112,234","39,765 ",North America,"61,1050",,,"1,308"
208,Saint Kitts and Nevis,"6,157",,43 ,,"5,901",,213,,"114,120",797,"100,854","1,869,328","53,952 ",North America,"91,2551",,,"3,948"
209,Sao Tome and Principe,"6,064",,74 ,,"5,970",,20,,"26,678",326,"29,036","127,740","227,305 ",Africa,"373,0728",,,88
210,Cook Islands,"5,774",,1 ,,"5,764",,9,,"328,143",57,"19,618","1,114,912","17,596 ",Australia/Oceania,"317,5961",,,511
211,Palau,"5,237",,6 ,,"4,579",,652,1,"286,692",328,"61,019","3,340,395","18,267 ",Australia/Oceania,"33,0450",,,"35,693"
212,Nauru,"4,849",+199,1 ,,741,+272,"4,107",,"442,427",91,"12,164","1,109,854","10,960 ",Australia/Oceania,"210,9601","18,157",,"374,726"
213,St. Barth,"4,630",,6 ,,N/A,N/A,N/A,,"465,935",604,"78,646","7,914,461","9,937 ",North America,"21,6560",,,"418,839"
214,Anguilla,"3,476",,9 ,,"3,446",,21,4,"227,621",589,"51,382","3,364,678","15,271 ",North America,"41,6970",,,"1,375"
215,Kiribati,"3,236",,13 ,,"2,665",,558,3,"26,284",106,,,"123,117 ",Australia/Oceania,"389,471",,,"4,532"
216,Saint Pierre Miquelon,"2,779",,1 ,,"2,449",,329,1,"484,400",174,"24,116","4,203,591","5,737 ",North America,"25,7370",,,"57,347"
217,Falkland Islands,"1,815",, ,,N/A,N/A,N/A,,"492,805",,"8,632","2,343,742","3,683 ",South America,20,,,"459,137"
218,Montserrat,"1,020",,8 ,,"1,008",,4,,"204,082","1,601","14,093","2,819,728","4,998 ",North America,56250,,,800
219,Diamond Princess,712,,13 ,,699,,0,,,,,, ,,,,,
220,Macao,461,+26,2 ,,83,,376,,691,3,"6,832","10,242","667,053 ",Asia,"1,447333,52798",39,,564
221,Wallis and Futuna,454,,7 ,,438,,9,,"41,863",645,"20,508","1,891,010","10,845 ",Australia/Oceania,"241,5491",,,830
222,Micronesia,38,, ,,33,,5,,324,,"21,923","186,680","117,436 ",Australia/Oceania,"3,0905",,,43
223,Marshall Islands,32,, ,,18,,14,,533,,,,"59,989 ",Australia/Oceania,"1,875",,,233
224,Vatican City,29,, ,,29,,0,,"36,025",,,,805 ,Europe,28,,,
225,Niue,20,, ,,10,,10,,"12,136",,,,"1,648 ",Australia/Oceania,82,,,"6,068"
226,Western Sahara,10,,1 ,,9,,0,,16,2,,,"626,733 ",Africa,"62,673626,733",,,
227,MS Zaandam,9,,2 ,,7,,0,,,,,, ,,,,,
228,Tuvalu,3,, ,,,,3,,248,,,,"12,083 ",Australia/Oceania,"4,028",,,248
229,Saint Helena,2,, ,,2,,0,,327,,,,"6,113 ",Africa,"3,057",,,
230,China,"226,035",+112,"5,226 ",,"220,199",+34,610,,157,4,"160,000,000","111,163","1,439,323,776 ",Asia,"6,368275,4169",0.08,,0.4
